{
  "kernel": "ag_gemm",
  "world_size": 16,
  "sizes": [
    4096,
    8192,
    16384,
    24576,
    32768
  ],
  "nccl_ms": [
    0.33510398864746094,
    0.7279040217399597,
    2.6811840534210205,
    6.912799835205078,
    11.81065559387207
  ]
}