{
  "kernel": "dispatch_gemm",
  "world_size": 16,
  "sizes": [
    8192,
    16384,
    32768,
    65536,
    131072
  ],
  "nccl_ms": [
    1.3891839981079102,
    2.485408067703247,
    4.688223838806152,
    8.798751831054688,
    16.68115234375
  ]
}