{
  "kernel": "ring_attention",
  "world_size": 16,
  "sizes": [
    12288,
    24576,
    49152,
    98304,
    196608
  ],
  "nccl_ms": [
    3.1024320125579834,
    6.3848958015441895,
    18.27459144592285,
    65.31795501708984,
    241.0313262939453
  ]
}