{
    "kernel": "ring_attention",
    "sizes": [
        768,
        1536,
        3072,
        6144,
        12288
    ],
    "fused_ms": [
        2.1864960193634033,
        4.025824069976807,
        10.543840408325195,
        34.35209655761719,
        134.5978240966797
    ],
    "world_size": 8,
    "num_nodes": 2,
    "_note": "release ring_attention bench (world=16)"
}