{
    "kernel": "ring_attention",
    "sizes": [
        768,
        1536,
        3072,
        6144,
        12288
    ],
    "fused_ms": [
        2.103935956954956,
        4.014912128448486,
        10.537088394165039,
        34.37587356567383,
        134.26422119140625
    ],
    "world_size": 8,
    "num_nodes": 2,
    "_note": "release ring_attention bench (world=16)"
}