{
    "kernel": "ring_attention",
    "sizes": [
        768,
        1536,
        3072,
        6144,
        12288
    ],
    "fused_ms": [
        2.130847930908203,
        4.054592132568359,
        10.580127716064453,
        34.42047882080078,
        134.908935546875
    ],
    "world_size": 8,
    "num_nodes": 2,
    "_note": "release ring_attention bench (world=16)"
}