{
  "kernel": "ag_gemm",
  "sizes": [
    "M=4096",
    "M=8192",
    "M=16384",
    "M=24576",
    "M=32768"
  ],
  "fused_ms": [
    0.4199743866920471,
    0.8985856175422668,
    2.7012672424316406,
    5.354604721069336,
    9.295692443847656
  ],
  "nccl_ms": [
    0.2677119970321655,
    0.7332223653793335,
    2.4637696743011475,
    6.446412563323975,
    11.560134887695312
  ],
  "world_size": 8,
  "num_nodes": 2
}