{
  "kernel": "gemm_rs",
  "sizes": [
    "M=2048",
    "M=4096",
    "M=8192",
    "M=16384",
    "M=32768",
    "M=65536"
  ],
  "fused_ms": [
    0.2693013350168864,
    0.37145599722862244,
    0.8095146814982096,
    2.296448071797689,
    9.572490374247232,
    68.46784210205078
  ],
  "fused_ms_stdev": [
    0.013264143994188977,
    0.0025461699112095484,
    0.013043366089577735,
    0.030704094635486207,
    0.031200014610082503,
    0.0
  ],
  "nccl_ms": [
    0.1957226643959681,
    0.26658133665720624,
    0.7479466795921326,
    2.503530661265055,
    11.60204792022705,
    71.99065399169922
  ],
  "nccl_ms_stdev": [
    0.011897557826001642,
    0.016525333329161757,
    0.017830374439276927,
    0.0556427843348385,
    0.040138305162526644,
    0.0
  ],
  "world_size": 16,
  "num_nodes": 2,
  "correctness_rs_fro_err": [
    0.0047,
    0.0047,
    0.0047,
    0.0047,
    0.0047,
    0.0047
  ],
  "correctness_passed": [
    true,
    true,
    true,
    true,
    true,
    true
  ],
  "fused_ms_option_a": [
    0.2693013350168864,
    0.37145599722862244,
    0.8095146814982096,
    2.296448071797689,
    9.572490374247232,
    68.46784210205078
  ],
  "fused_ms_option_a_stdev": [
    0.013264143994188977,
    0.0025461699112095484,
    0.013043366089577735,
    0.030704094635486207,
    0.031200014610082503,
    0.0
  ],
  "correctness_rs_fro_err_option_a": [
    0.0047,
    0.0047,
    0.0047,
    0.0047,
    0.0047,
    0.0047
  ],
  "correctness_passed_option_a": [
    true,
    true,
    true,
    true,
    true,
    true
  ],
  "num_samples": 3,
  "num_iters_per_sample": 5,
  "_note": "gemm_rs chart bars refreshed on 2026-04-23 from 3 matched runs on 2x8 H200 EFA with GEMM_RS_SEND_READY_BITMAP=1, GEMM_RS_FUSE_COMPUTE_INTRA=1, GEMM_RS_INTRA_RS_DIRECT_STAGING=1, GEMM_RS_SPLIT_SEND=0, GEMM_RS_INTRA_RS_DUAL_WRITE=0, warmup=2, iters=5. Tuned 3-role producer-pushed sender-bitmap policy across all 5 shapes: 2K (112,0,10,10)@CT=2, 4K (116,0,8,8)@CT=4, 8K (118,0,6,8)@CT=4, 16K (120,0,4,8)@CT=4, 32K (120,0,4,8)@CT=8. fused_ms and fused_ms_option_a both point at this apples-to-apples tuned bitmap path; NCCL bars come from the same matched runs."
}